Sample_ID,Island,Province,Sampling_Location,Fish_Market,Date_of_Collection,Species,Total_Length_cm,Standard_Length_cm,Body_Depth_cm,Total_Weight_g,TW_TL,Image_ID,Gonad_Weight_g,GSI,Gonad_Image_ID,1_10th_Gonad_Weight_g,Gonadal_Stage,Sex,Pop_Size,Pop_Density ,Num_RegisteredFishers,Distance_from_PopHub,Habitat_Area,Pop_Size_Div_HabArea,Num_RegisteredFishers_Div_HabArea,Gear_Type,B_value,Notes
1,Negros,Negros Oriental,Dumaguete,N/A (caught by Corro),6/16/2019,Sfu,18.7,15.7,5.2,95.04,5.082352941,IMG_2788,3.17,3.33543771,IMG_2981,,5,M,131377,3829,262,0,12.7,10312.2,20.6,circular fish trap,2.509,Sfu = Siganus fuscescens
2,Negros,Negros Oriental,Dumaguete,N/A (caught by Corro),6/16/2019,Sfu,16.2,13.6,4.37,54.42,3.359259259,IMG_2789,0.77,1.414920985,IMG_2967,,3,M,131377,3829,262,0,12.7,10312.2,20.6,circular fish trap,2.509,6/16: caught by fish trap (circular)
3,Negros,Negros Oriental,Dumaguete,N/A (caught by Corro),6/16/2019,Sfu,17.5,14.8,4.66,73.3,4.188571429,IMG_2790,3.35,4.570259209,IMG_2964,,2.5,M,131377,3829,262,0,12.7,10312.2,20.6,circular fish trap,2.509,6/17: caught by fish trap (circular) and spear
4,Negros,Negros Oriental,Dumaguete,N/A (caught by Corro),6/16/2019,Sfu,19,16.8,5.16,88.26,4.645263158,IMG_2791,4.11,4.656696125,IMG_2960,,4,M,131377,3829,262,0,12.7,10312.2,20.6,circular fish trap,2.509,6/18: caught by fish trap (circular)
5,Negros,Negros Oriental,Dumaguete,N/A (caught by Corro),6/16/2019,Sfu,17,14.4,4.61,65.92,3.877647059,IMG_2792,2.54,3.85315534,IMG_2963,,2.5,M,131377,3829,262,0,12.7,10312.2,20.6,circular fish trap,2.509,Lm = 15 cm
6,Negros,Negros Oriental,Dumaguete,N/A (caught by Corro),6/16/2019,Sfu,17.3,14.3,3.99,66.07,3.819075145,IMG_2793,1.76,2.66384138,IMG_2998,,4,M,131377,3829,262,0,12.7,10312.2,20.6,circular fish trap,2.509,Body depth determined from tpsDig
7,Negros,Negros Oriental,Dumaguete,N/A (caught by Corro),6/16/2019,Sfu,18.6,15.2,5.17,81.09,4.359677419,IMG_2794,2.61,3.218645949,IMG_2961,,4,M,131377,3829,262,0,12.7,10312.2,20.6,circular fish trap,2.509,
8,Negros,Negros Oriental,Dumaguete,N/A (caught by Corro),6/16/2019,Sfu,17.4,14.6,4.71,70.2,4.034482759,IMG_2795,2.31,3.290598291,IMG_2999,,5,M,131377,3829,262,0,12.7,10312.2,20.6,circular fish trap,2.509,
9,Negros,Negros Oriental,Dumaguete,N/A (caught by Corro),6/16/2019,Sfu,18.7,15.5,4.86,79.6,4.256684492,IMG_2796,2.46,3.090452261,IMG_2966,,3,M,131377,3829,262,0,12.7,10312.2,20.6,circular fish trap,2.509,
10,Negros,Negros Oriental,Dumaguete,N/A (caught by Corro),6/16/2019,Sfu,17.9,14.7,4.61,70.09,3.915642458,IMG_2797,0.74,1.055785419,IMG_2976,,3,M,131377,3829,262,0,12.7,10312.2,20.6,circular fish trap,2.509,
11,Negros,Negros Oriental,Dumaguete,N/A (caught by Corro),6/16/2019,Sfu,19.4,15.9,5.31,94.43,4.867525773,IMG_2799,3.74,3.96060574,IMG_2957,,4,M,131377,3829,262,0,12.7,10312.2,20.6,circular fish trap,2.509,
12,Negros,Negros Oriental,Dumaguete,N/A (caught by Corro),6/16/2019,Sfu,19.5,16.2,5.31,102.76,5.26974359,IMG_2800,2.67,2.598287271,IMG_2958,,2.5,M,131377,3829,262,0,12.7,10312.2,20.6,circular fish trap,2.509,
13,Negros,Negros Oriental,Dumaguete,N/A (caught by Corro),6/16/2019,Sfu,19.5,16.1,5.46,101.25,5.192307692,IMG_2801,2.38,2.350617284,IMG_2977,,4,M,131377,3829,262,0,12.7,10312.2,20.6,circular fish trap,2.509,
14,Negros,Negros Oriental,Dumaguete,N/A (caught by Corro),6/16/2019,Sfu,23.5,20.2,6.79,205.21,8.732340426,IMG_2802,15.18,7.397300326,IMG_2975,,3,F,131377,3829,262,0,12.7,10312.2,20.6,circular fish trap,2.938,
15,Negros,Negros Oriental,Dumaguete,N/A (caught by Corro),6/16/2019,Sfu,18.9,15.8,5.11,97.89,5.179365079,IMG_2803,6.26,6.394933088,IMG_2978,,5,M,131377,3829,262,0,12.7,10312.2,20.6,circular fish trap,2.509,
16,Negros,Negros Oriental,Dumaguete,N/A (caught by Corro),6/16/2019,Sfu,18.7,15.7,5.01,89.86,4.805347594,IMG_2805,2.07,2.303583352,IMG_2965,,3,M,131377,3829,262,0,12.7,10312.2,20.6,circular fish trap,2.509,
17,Negros,Negros Oriental,Dumaguete,N/A (caught by Corro),6/16/2019,Sfu,18.5,15.3,4.91,82.47,4.457837838,IMG_2806,4.04,4.898751061,IMG_2959,,5,M,131377,3829,262,0,12.7,10312.2,20.6,circular fish trap,2.509,
18,Negros,Negros Oriental,Dumaguete,N/A (caught by Corro),6/16/2019,Sfu,15.7,13.2,4.27,54.45,3.468152866,IMG_2807,0.81,1.487603306,IMG_2962,,2,M,131377,3829,262,0,12.7,10312.2,20.6,circular fish trap,2.509,
19,Negros,Negros Oriental,Dumaguete,N/A (caught by Corro),6/16/2019,Sfu,18.4,15.4,5.21,88.89,4.830978261,IMG_2808,3.56,4.004949938,IMG_2979,,5,M,131377,3829,262,0,12.7,10312.2,20.6,circular fish trap,2.509,
20,Negros,Negros Oriental,Dumaguete,N/A (caught by Corro),6/16/2019,Sfu,17.5,14.6,4.62,68.93,3.938857143,IMG_2811,0.96,1.392717249,IMG_2954,,2,M,131377,3829,262,0,12.7,10312.2,20.6,circular fish trap,2.509,
21,Negros,Negros Oriental,Dumaguete,N/A (caught by Corro),6/16/2019,Sfu,19.5,15.8,5.01,83.6,4.287179487,IMG_2812,2.85,3.409090909,IMG_2997,,4,M,131377,3829,262,0,12.7,10312.2,20.6,circular fish trap,2.509,
22,Negros,Negros Oriental,Dumaguete,N/A (caught by Corro),6/16/2019,Sfu,18.1,15.4,4.81,72.26,3.992265193,IMG_2813,1.46,2.020481594,IMG_2974,,3,M,131377,3829,262,0,12.7,10312.2,20.6,circular fish trap,2.509,
23,Negros,Negros Oriental,Dumaguete,N/A (caught by Corro),6/16/2019,Sfu,18,15.6,5.16,87.67,4.870555556,IMG_2814,2.3,2.623474393,IMG_2994,,4,M,131377,3829,262,0,12.7,10312.2,20.6,circular fish trap,2.509,
24,Negros,Negros Oriental,Dumaguete,N/A (caught by Corro),6/16/2019,Sfu,18.6,15.2,5.08,84.65,4.551075269,IMG_2815,2.12,2.504430006,IMG_2989,,4,M,131377,3829,262,0,12.7,10312.2,20.6,circular fish trap,2.509,
25,Negros,Negros Oriental,Dumaguete,N/A (caught by Corro),6/16/2019,Sfu,17.9,14.6,4.83,73.29,4.094413408,IMG_2817,2.03,2.769818529,IMG_2993,,4,M,131377,3829,262,0,12.7,10312.2,20.6,circular fish trap,2.509,
26,Negros,Negros Oriental,Dumaguete,N/A (caught by Corro),6/16/2019,Sfu,21.6,18.4,6.15,154.29,7.143055556,IMG_2818,12.48,8.088664204,IMG_2990,,3,F,131377,3829,262,0,12.7,10312.2,20.6,circular fish trap,2.938,
27,Negros,Negros Oriental,Dumaguete,N/A (caught by Corro),6/16/2019,Sfu,19.7,16.4,5.32,103.4,5.248730964,IMG_2819,3.18,3.075435203,IMG_2955,,5,F,131377,3829,262,0,12.7,10312.2,20.6,circular fish trap,2.938,
28,Negros,Negros Oriental,Dumaguete,N/A (caught by Corro),6/16/2019,Sfu,23.7,19.8,6.79,197.65,8.339662447,IMG_2821,10.98,5.555274475,IMG_3000,,3,F,131377,3829,262,0,12.7,10312.2,20.6,circular fish trap,2.938,
29,Negros,Negros Oriental,Dumaguete,N/A (caught by Corro),6/16/2019,Sfu,19.5,16,5.16,97.12,4.980512821,IMG_2822,5.11,5.261532125,IMG_2984,,4,F,131377,3829,262,0,12.7,10312.2,20.6,circular fish trap,2.938,
30,Negros,Negros Oriental,Dumaguete,N/A (caught by Corro),6/16/2019,Sfu,23.3,19,6.7,195.53,8.391845494,IMG_2825,21.69,11.09292692,IMG_2980,,3,F,131377,3829,262,0,12.7,10312.2,20.6,circular fish trap,2.938,
31,Negros,Negros Oriental,Dumaguete,N/A (caught by Corro),6/16/2019,Sfu,24.2,20.2,7.29,252.43,10.43099174,IMG_2826,13.39,5.304440835,IMG_2982,,3,F,131377,3829,262,0,12.7,10312.2,20.6,circular fish trap,2.938,
32,Negros,Negros Oriental,Dumaguete,N/A (caught by Corro),6/16/2019,Sfu,19.1,16.2,5.57,112.03,5.865445026,IMG_2827,6.32,5.641346068,IMG_2956,,5,F,131377,3829,262,0,12.7,10312.2,20.6,circular fish trap,2.938,
33,Negros,Negros Oriental,Dumaguete,N/A (caught by Corro),6/16/2019,Sfu,18.2,15.2,5.2,90.99,4.999450549,IMG_2828,3.55,3.90152764,IMG_2996,,5,M,131377,3829,262,0,12.7,10312.2,20.6,circular fish trap,2.509,
34,Negros,Negros Oriental,Dumaguete,N/A (caught by Corro),6/16/2019,Sfu,19.1,16.2,5.61,99.33,5.20052356,IMG_2829,4.75,4.782039666,IMG_2985,,4,M,131377,3829,262,0,12.7,10312.2,20.6,circular fish trap,2.509,
35,Negros,Negros Oriental,Dumaguete,N/A (caught by Corro),6/17/2019,Sfu,23.7,19.7,6.72,174.7,7.371308017,IMG_2871,11.92,6.823125358,IMG_2969,,3,F,131377,3829,262,0,12.7,10312.2,20.6,circular fish trap,2.938,
36,Negros,Negros Oriental,Dumaguete,N/A (caught by Corro),6/17/2019,Sfu,22.8,19.6,6.26,155.27,6.810087719,IMG_2872,6.24,4.018805951,IMG_2988,,4,F,131377,3829,262,0,12.7,10312.2,20.6,circular fish trap,2.938,
37,Negros,Negros Oriental,Dumaguete,N/A (caught by Corro),6/17/2019,Sfu,17.7,15.1,4.89,72.69,4.106779661,IMG_2873,1.3,1.788416563,IMG_2973,,3,M,131377,3829,262,0,12.7,10312.2,20.6,circular fish trap,2.509,
38,Negros,Negros Oriental,Dumaguete,N/A (caught by Corro),6/17/2019,Sfu,18.8,15.5,4.71,77.59,4.12712766,IMG_2875,2.17,2.796752159,IMG_2986,,5,M,131377,3829,262,0,12.7,10312.2,20.6,circular fish trap,2.509,
39,Negros,Negros Oriental,Dumaguete,N/A (caught by Corro),6/17/2019,Sfu,18.7,15.3,4.97,84.46,4.51657754,IMG_2877,4.48,5.304286053,IMG_2992,,5,M,131377,3829,262,0,12.7,10312.2,20.6,circular fish trap,2.509,
40,Negros,Negros Oriental,Dumaguete,N/A (caught by Corro),6/17/2019,Sfu,18.9,15.6,5.07,75.82,4.011640212,IMG_2878,1.06,1.398048008,IMG_2987,,3,M,131377,3829,262,0,12.7,10312.2,20.6,circular fish trap,2.509,
41,Negros,Negros Oriental,Dumaguete,N/A (caught by Corro),6/17/2019,Sfu,18.4,16,5.21,93.31,5.071195652,IMG_2879,2.58,2.764976959,IMG_2972,,3,M,131377,3829,262,0,12.7,10312.2,20.6,circular fish trap,2.509,
42,Negros,Negros Oriental,Dumaguete,N/A (caught by Corro),6/17/2019,Sfu,22,18.6,5.77,136.03,6.183181818,IMG_2881,1.77,1.301183562,IMG_2991,,2,F,131377,3829,262,0,12.7,10312.2,20.6,circular fish trap,2.938,
43,Negros,Negros Oriental,Dumaguete,N/A (caught by Corro),6/17/2019,Sfu,18.6,16,5.36,88.01,4.73172043,IMG_2882,1.78,2.022497443,IMG_2971,,3,M,131377,3829,262,0,12.7,10312.2,20.6,circular fish trap,2.509,
44,Negros,Negros Oriental,Dumaguete,N/A (caught by Corro),6/17/2019,Sfu,18,15.2,4.69,69.78,3.876666667,IMG_2883,0.8,1.146460304,IMG_2970,,3,M,131377,3829,262,0,12.7,10312.2,20.6,circular fish trap,2.509,
45,Negros,Negros Oriental,Dumaguete,N/A (caught by Corro),6/17/2019,Sfu,18.1,15.5,5.16,87.85,4.85359116,IMG_2884,3.42,3.892999431,IMG_2968,,5,M,131377,3829,262,0,12.7,10312.2,20.6,circular fish trap,2.509,
46,Negros,Negros Oriental,Dumaguete,N/A (caught by Corro),6/18/2019,Sfu,19.3,16.7,6,127.24,6.592746114,IMG_3001,4.1,3.222257152,IMG_3022,,2,F,131377,3829,262,0,12.7,10312.2,20.6,circular fish trap,2.938,
47,Negros,Negros Oriental,Dumaguete,N/A (caught by Corro),6/18/2019,Sfu,21.7,18.6,6.64,182.45,8.407834101,IMG_3003,9.06,4.965744039,IMG_3023,,4,F,131377,3829,262,0,12.7,10312.2,20.6,circular fish trap,2.938,
48,Negros,Negros Oriental,Dumaguete,N/A (caught by Corro),6/18/2019,Sfu,17.9,15.2,4.91,85.9,4.798882682,IMG_3004,1.05,1.222351572,IMG_3024,,4,M,131377,3829,262,0,12.7,10312.2,20.6,circular fish trap,2.509,
49,Negros,Negros Oriental,Dumaguete,N/A (caught by Corro),6/18/2019,Sfu,24.7,20.7,7.44,259.24,10.49554656,IMG_3005,10.14,3.911433421,IMG_3025,,4,F,131377,3829,262,0,12.7,10312.2,20.6,circular fish trap,2.938,
50,Negros,Negros Oriental,Dumaguete,N/A (caught by Corro),6/18/2019,Sfu,19.5,16.2,5.46,105.12,5.390769231,IMG_3006,2.64,2.511415525,IMG_3026,,2,M,131377,3829,262,0,12.7,10312.2,20.6,circular fish trap,2.509,
51,Negros,Negros Oriental,Dumaguete,N/A (caught by Corro),6/18/2019,Sfu,19,15.7,5.4,104.48,5.498947368,IMG_3007,4.6,4.402756508,IMG_3027,,5,M,131377,3829,262,0,12.7,10312.2,20.6,circular fish trap,2.509,
52,Negros,Negros Oriental,Dumaguete,N/A (caught by Corro),6/18/2019,Sfu,21.9,18.8,6.39,184.1,8.406392694,IMG_3008,14.65,7.957631722,IMG_3028,,5,F,131377,3829,262,0,12.7,10312.2,20.6,circular fish trap,2.938,
53,Negros,Negros Oriental,Dumaguete,N/A (caught by Corro),6/18/2019,Sfu,14.6,12.2,4.31,50.47,3.456849315,IMG_3009,0.73,1.446403804,IMG_3029,,3,M,131377,3829,262,0,12.7,10312.2,20.6,circular fish trap,2.509,
54,Negros,Negros Oriental,Dumaguete,N/A (caught by Corro),6/18/2019,Sfu,21.3,18,6.1,145.49,6.830516432,IMG_3011,2.21,1.519004743,IMG_3030,,2.5,F,131377,3829,262,0,12.7,10312.2,20.6,circular fish trap,2.938,
55,Negros,Negros Oriental,Dumaguete,N/A (caught by Corro),6/18/2019,Sfu,22.6,19.3,6.68,211.47,9.357079646,IMG_3012,25.13,11.88348229,IMG_3031,,5,F,131377,3829,262,0,12.7,10312.2,20.6,circular fish trap,2.938,
57,Negros,Negros Oriental,Dumaguete,N/A (caught by Corro),6/18/2019,Sfu,17.6,15.3,5.3,96.27,5.469886364,IMG_3014,2.31,2.399501402,IMG_3032,,4,M,131377,3829,262,0,12.7,10312.2,20.6,circular fish trap,2.509,
58,Negros,Negros Oriental,Dumaguete,N/A (caught by Corro),6/18/2019,Sfu,17.1,15,5.05,86.95,5.084795322,IMG_3015,2.95,3.392754457,IMG_3033,,5,M,131377,3829,262,0,12.7,10312.2,20.6,circular fish trap,2.509,
59,Negros,Negros Oriental,Dumaguete,N/A (caught by Corro),6/18/2019,Sfu,18.4,15.6,5.6,104.01,5.652717391,IMG_3016,2.01,1.93250649,IMG_3034,,2.5,M,131377,3829,262,0,12.7,10312.2,20.6,circular fish trap,2.509,
60,Negros,Negros Oriental,Dumaguete,N/A (caught by Corro),6/18/2019,Sfu,18.5,15.6,5.4,113.5,6.135135135,IMG_3017,11.27,9.929515419,IMG_3035,,5,F,131377,3829,262,0,12.7,10312.2,20.6,circular fish trap,2.938,
61,Negros,Negros Oriental,Dumaguete,N/A (caught by Corro),6/18/2019,Sfu,17.9,15.1,4.86,82.18,4.591061453,IMG_3018,1.41,1.715745924,IMG_3036,,3,M,131377,3829,262,0,12.7,10312.2,20.6,circular fish trap,2.509,
62,Negros,Negros Oriental,Dumaguete,N/A (caught by Corro),6/18/2019,Sfu,20.7,17.5,6.55,164.43,7.943478261,IMG_3019,13.45,8.179772548,IMG_3037,,5,F,131377,3829,262,0,12.7,10312.2,20.6,circular fish trap,2.938,
63,Negros,Negros Oriental,Dumaguete,N/A (caught by Corro),6/24/2019,Sfu,21.9,18.6,6.69,175.61,8.018721461,IMG_3052,12.32,7.015545812,IMG_3091,,5,F,131377,3829,262,0,12.7,10312.2,20.6,circular fish trap,2.938,"Caught after new moon, some speared"
64,Negros,Negros Oriental,Dumaguete,N/A (caught by Corro),6/24/2019,Sfu,24.9,21.6,7.05,228.25,9.166666667,IMG_3053,10.61,4.648411829,IMG_3089,,4,F,131377,3829,262,0,12.7,10312.2,20.6,circular fish trap,2.938,
66,Negros,Negros Oriental,Dumaguete,N/A (caught by Corro),6/24/2019,Sfu,23.9,20.3,6.99,239.06,10.00251046,IMG_3055,20.62,8.625449678,IMG_3088,,4,F,131377,3829,262,0,12.7,10312.2,20.6,circular fish trap,2.938,
1,Negros,Negros Oriental,Bais City,Bais City Fish Market,6/28/2019,Sfu,17.6,14.7,5.5,91.31,5.188068182,IMG_3196,NA,NA,,,,M,76291,239,2222,47.2,55.2,1382.8,40.3,spear,1.823,
2,Negros,Negros Oriental,Bais City,Bais City Fish Market,6/28/2019,Sfu,17.4,14.1,5.7,84.54,4.85862069,IMG_3197,NA,NA,,,,M,76291,239,2222,47.2,55.2,1382.8,40.3,spear,1.823,
3,Negros,Negros Oriental,Bais City,Bais City Fish Market,6/28/2019,Sfu,19,15.8,5.8,104.97,5.524736842,IMG_3198,5.55,5.287224921,IMG_3235,,2.5,F,76291,239,2222,47.2,55.2,1382.8,40.3,spear,2.558,
4,Negros,Negros Oriental,Bais City,Bais City Fish Market,6/28/2019,Sfu,17.1,14.1,5.3,78.91,4.614619883,IMG_3199,3.21,4.067925485,IMG_3236,,2,F,76291,239,2222,47.2,55.2,1382.8,40.3,spear,2.558,Sub-sampled from head
5,Negros,Negros Oriental,Bais City,Bais City Fish Market,6/28/2019,Sfu,16.4,13.6,5.3,72.87,4.443292683,IMG_3200,NA,NA,,,,M,76291,239,2222,47.2,55.2,1382.8,40.3,spear,1.823,
6,Negros,Negros Oriental,Bais City,Bais City Fish Market,6/28/2019,Sfu,16.8,14.2,5,71.78,4.272619048,IMG_3202,3.81,5.307885205,IMG_3240,,2.5,F,76291,239,2222,47.2,55.2,1382.8,40.3,spear,2.558,
7,Negros,Negros Oriental,Bais City,Bais City Fish Market,6/28/2019,Sfu,18.1,15.3,5.5,98.19,5.424861878,IMG_3203,6.33,6.446684998,IMG_3237,,2.5,F,76291,239,2222,47.2,55.2,1382.8,40.3,spear,2.558,
8,Negros,Negros Oriental,Bais City,Bais City Fish Market,6/28/2019,Sfu,16,14.5,5,67.83,4.239375,IMG_3204,6.92,10.20197553,IMG_3238,,2.5,F,76291,239,2222,47.2,55.2,1382.8,40.3,spear,2.558,
9,Negros,Negros Oriental,Bais City,Bais City Fish Market,6/28/2019,Sfu,18.5,15.9,6,102.93,5.563783784,IMG_3205,5.96,5.790342952,IMG_3239,,2.5,F,76291,239,2222,47.2,55.2,1382.8,40.3,spear,2.558,
10,Negros,Negros Oriental,Bais City,Bais City Fish Market,6/28/2019,Sfu,17.6,15.1,5.7,87.55,4.974431818,IMG_3206,4.1,4.683038264,IMG_3241,,2.5,F,76291,239,2222,47.2,55.2,1382.8,40.3,spear,2.558,
11,Negros,Negros Oriental,Bais City,Bais City Fish Market,6/28/2019,Sfu,17.5,15.1,5.8,82.55,4.717142857,IMG_3207,2.91,3.525136281,IMG_3242,,2,F,76291,239,2222,47.2,55.2,1382.8,40.3,spear,2.558,
12,Negros,Negros Oriental,Bais City,Bais City Fish Market,6/28/2019,Sfu,17.5,14.9,5.5,84.12,4.806857143,IMG_3208,5.99,7.120779838,IMG_3243,,2,F,76291,239,2222,47.2,55.2,1382.8,40.3,spear,2.558,
13,Negros,Negros Oriental,Bais City,Bais City Fish Market,6/28/2019,Sfu,17.3,14.6,5.6,89.9,5.196531792,IMG_3209,NA,NA,,,,M,76291,239,2222,47.2,55.2,1382.8,40.3,spear,1.823,
14,Negros,Negros Oriental,Bais City,Bais City Fish Market,6/28/2019,Sfu,17.9,14.8,5.5,82.83,4.627374302,IMG_3210,NA,NA,,,,M,76291,239,2222,47.2,55.2,1382.8,40.3,spear,1.823,
15,Negros,Negros Oriental,Bais City,Bais City Fish Market,6/28/2019,Sfu,18.1,15.7,5.9,95.63,5.283425414,IMG_3211,4.29,4.486039946,IMG_3244,,2.5,F,76291,239,2222,47.2,55.2,1382.8,40.3,spear,2.558,
16,Negros,Negros Oriental,Bais City,Bais City Fish Market,6/28/2019,Sfu,16.3,13.7,4.8,64.23,3.940490798,IMG_3212,4.24,6.601276662,IMG_3245,,2.5,F,76291,239,2222,47.2,55.2,1382.8,40.3,spear,2.558,
17,Negros,Negros Oriental,Bais City,Bais City Fish Market,6/28/2019,Sfu,18.4,15.7,5.5,84.63,4.599456522,IMG_3213,NA,NA,,,,M,76291,239,2222,47.2,55.2,1382.8,40.3,spear,1.823,
18,Negros,Negros Oriental,Bais City,Bais City Fish Market,6/28/2019,Sfu,18,14.9,5.7,82.37,4.576111111,IMG_3214,5.34,6.482942819,IMG_3246,,2.5,F,76291,239,2222,47.2,55.2,1382.8,40.3,spear,2.558,
19,Negros,Negros Oriental,Bais City,Bais City Fish Market,6/28/2019,Sfu,19.1,16.6,6.2,107.81,5.644502618,IMG_3215,7.03,6.520730915,IMG_3247,,2,F,76291,239,2222,47.2,55.2,1382.8,40.3,spear,2.558,
20,Negros,Negros Oriental,Bais City,Bais City Fish Market,6/28/2019,Sfu,21,17.9,6.5,115.83,5.515714286,IMG_3216,3.9,3.367003367,IMG_3248,,2.5,F,76291,239,2222,47.2,55.2,1382.8,40.3,spear,2.558,
21,Negros,Negros Oriental,Bais City,Bais City Fish Market,6/28/2019,Sfu,18.5,15.5,5.5,88.05,4.759459459,IMG_3217,8.73,9.914821124,IMG_3249,,2.5,F,76291,239,2222,47.2,55.2,1382.8,40.3,spear,2.558,
22,Negros,Negros Oriental,Bais City,Bais City Fish Market,6/28/2019,Sfu,18.8,15.7,5.8,101.19,5.382446809,IMG_3218,5,4.941199723,IMG_3250,,2,F,76291,239,2222,47.2,55.2,1382.8,40.3,spear,2.558,
23,Negros,Negros Oriental,Bais City,Bais City Fish Market,6/28/2019,Sfu,17.2,14.6,5,78.35,4.555232558,IMG_3219,4.05,5.169112955,IMG_3251,,2.5,F,76291,239,2222,47.2,55.2,1382.8,40.3,spear,2.558,
24,Negros,Negros Oriental,Bais City,Bais City Fish Market,6/28/2019,Sfu,17.9,15,5.5,80.26,4.483798883,IMG_3220,NA,NA,,,,M,76291,239,2222,47.2,55.2,1382.8,40.3,spear,1.823,
25,Negros,Negros Oriental,Bais City,Bais City Fish Market,6/28/2019,Sfu,15.9,13.4,5.2,64.19,4.037106918,IMG_3221,3.37,5.250038947,IMG_3252,,2,F,76291,239,2222,47.2,55.2,1382.8,40.3,spear,2.558,
26,Negros,Negros Oriental,Bais City,Bais City Fish Market,6/28/2019,Sfu,16.9,14.4,5.8,72.83,4.309467456,IMG_3222,1.4,1.922284773,IMG_3253,,2,F,76291,239,2222,47.2,55.2,1382.8,40.3,spear,2.558,
27,Negros,Negros Oriental,Bais City,Bais City Fish Market,6/28/2019,Sfu,23.8,20.4,7,186.94,7.854621849,IMG_3223,11.09,5.932384722,IMG_3254,,2.5,F,76291,239,2222,47.2,55.2,1382.8,40.3,spear,2.558,
28,Negros,Negros Oriental,Bais City,Bais City Fish Market,6/28/2019,Sfu,18,15.4,5.8,85.81,4.767222222,IMG_3224,NA,NA,,,,M,76291,239,2222,47.2,55.2,1382.8,40.3,spear,1.823,
29,Negros,Negros Oriental,Bais City,Bais City Fish Market,6/28/2019,Sfu,17,14.3,5,75.04,4.414117647,IMG_3225,4.24,5.650319829,IMG_3255,,2,F,76291,239,2222,47.2,55.2,1382.8,40.3,spear,2.558,
30,Negros,Negros Oriental,Bais City,Bais City Fish Market,6/28/2019,Sfu,17.1,14.3,5.2,79.14,4.628070175,IMG_3226,2.3,2.906242103,IMG_3256,,2,F,76291,239,2222,47.2,55.2,1382.8,40.3,spear,2.558,
31,Negros,Negros Oriental,Bais City,Bais City Fish Market,6/28/2019,Sfu,17.1,14.2,5.4,80.87,4.729239766,IMG_3227,7.07,8.742426116,IMG_3257,,2,F,76291,239,2222,47.2,55.2,1382.8,40.3,spear,2.558,
32,Negros,Negros Oriental,Bais City,Bais City Fish Market,6/28/2019,Sfu,18.5,15.8,5.8,99.96,5.403243243,IMG_3228,NA,NA,,,,M,76291,239,2222,47.2,55.2,1382.8,40.3,spear,1.823,
33,Negros,Negros Oriental,Bais City,Bais City Fish Market,6/28/2019,Sfu,17.8,14.9,5.8,91.78,5.156179775,IMG_3229,4.6,5.011985182,IMG_3258,,2.5,F,76291,239,2222,47.2,55.2,1382.8,40.3,spear,2.558,
34,Negros,Negros Oriental,Bais City,Bais City Fish Market,6/28/2019,Sfu,16.6,13.9,5.3,72.12,4.344578313,IMG_3230,NA,NA,,,,M,76291,239,2222,47.2,55.2,1382.8,40.3,spear,1.823,
2,Panay,Aklan,Kalibo,,7/5/2019,Sfu,19.8,16.1,5.525,80.37,4.059090909,3340,5.416,6.738832898,,,2.5,F,80605,1600,687,0,17,4730.3,40.4,"""Gill net""/spear",2.767,Body depth taken manually using a .05mm vernier caliper
3,Panay,Aklan,Kalibo,,7/5/2019,Sfu,15.9,12.3,4.49,42.23,2.655974843,3341,0.572,1.354487331,,,4,M,80605,1600,687,0,17,4730.3,40.4,"""Gill net""/spear",2.822,
4,Panay,Aklan,Kalibo,,7/5/2019,Sfu,16.2,13.5,5.125,70.04,4.32345679,3342,0.117,0.167047401,,,2.5,F,80605,1600,687,0,17,4730.3,40.4,"""Gill net""",2.767,
6,Panay,Aklan,Kalibo,,7/5/2019,Sfu,13.8,11.5,4.175,37.95,2.75,3344,1.502,3.957839262,,,2.5,M,80605,1600,687,0,17,4730.3,40.4,"""Gill net""",2.822,
7,Panay,Aklan,Kalibo,,7/5/2019,Sfu,14.3,11.8,4.355,42.22,2.952447552,3345,2.318,5.490288963,,,3,M,80605,1600,687,0,17,4730.3,40.4,"""Gill net""",2.822,
8,Panay,Aklan,Kalibo,,7/5/2019,Sfu,17.1,14.1,5.045,69.58,4.069005848,3346,0.143,0.205518827,,,3,F,80605,1600,687,0,17,4730.3,40.4,"""Gill net""",2.767,
9,Panay,Aklan,Kalibo,,7/5/2019,Sfu,14.8,12.1,4.645,46.46,3.139189189,3347,2.192,4.718037021,,,2,M,80605,1600,687,0,17,4730.3,40.4,"""Gill net""",2.822,
10,Panay,Aklan,Kalibo,,7/5/2019,Sfu,12.4,10.3,3.91,27.47,2.215322581,3349,0.664,2.417182381,,,3,M,80605,1600,687,0,17,4730.3,40.4,"""Gill net""",2.822,
12,Panay,Aklan,Kalibo,,7/5/2019,Sfu,14.3,12,4.435,43.81,3.063636364,3351,1.931,4.407669482,,,3,M,80605,1600,687,0,17,4730.3,40.4,"""Gill net""",2.822,
15,Panay,Aklan,Kalibo,,7/5/2019,Sfu,13.1,11.3,4.285,41.48,3.166412214,3355,0.03,0.072324012,,,4,F,80605,1600,687,0,17,4730.3,40.4,"""Gill net""",2.767,
16,Panay,Aklan,Kalibo,,7/5/2019,Sfu,13.4,11.4,4.25,40.39,3.014179104,3356,0.031,0.076751671,,,2,M,80605,1600,687,0,17,4730.3,40.4,"""Gill net""",2.822,
17,Panay,Aklan,Kalibo,,7/5/2019,Sfu,13.1,10.7,4.38,36.46,2.783206107,3357,0.25,0.68568294,,,2,M,80605,1600,687,0,17,4730.3,40.4,"""Gill net""",2.822,
18,Panay,Aklan,Kalibo,,7/5/2019,Sfu,14.7,12.9,4.455,45.62,3.103401361,3358,1.49,3.266111355,,,2.5,M,80605,1600,687,0,17,4730.3,40.4,"""Gill net""",2.822,
19,Panay,Aklan,Kalibo,,7/5/2019,Sfu,12.4,10,3.83,28.67,2.312096774,3359,0.232,0.809208232,,,3,M,80605,1600,687,0,17,4730.3,40.4,"""Gill net""",2.822,
20,Panay,Aklan,Kalibo,,7/5/2019,Sfu,12.8,10.5,3.925,30.93,2.41640625,3360,0.258,0.83414161,,,2.5,M,80605,1600,687,0,17,4730.3,40.4,"""Gill net""",2.822,
22,Panay,Aklan,Kalibo,,7/5/2019,Sfu,13.4,11.3,4.24,37.67,2.81119403,3362,0.026,0.069020441,,,2.5,F,80605,1600,687,0,17,4730.3,40.4,Fish corral,2.767,
24,Panay,Aklan,Kalibo,,7/5/2019,Sfu,12.3,10.4,3.95,28.27,2.298373984,3364,NA,NA,,,2.5,M,80605,1600,687,0,17,4730.3,40.4,Fish corral,2.822,
26,Panay,Aklan,Kalibo,,7/5/2019,Sfu,13.8,11.3,4.72,40.86,2.960869565,3366,0.021,0.051395007,,,2,F,80605,1600,687,0,17,4730.3,40.4,Fish corral,2.767,
27,Panay,Aklan,Kalibo,,7/5/2019,Sfu,13.8,11.6,4.26,38.92,2.820289855,3367,0.093,0.238951696,,,2,F,80605,1600,687,0,17,4730.3,40.4,Fish corral,2.767,
28,Panay,Aklan,Kalibo,,7/5/2019,Sfu,12.5,10.2,3.995,27.33,2.1864,3368,NA,NA,,,2,F,80605,1600,687,0,17,4730.3,40.4,Fish corral,2.767,
31,Panay,Aklan,Kalibo,,7/5/2019,Sfu,14.2,11.8,4.71,46.11,3.247183099,3371,0.058,0.125786164,,,2,F,80605,1600,687,0,17,4730.3,40.4,Fish corral,2.767,
34,Panay,Aklan,Kalibo,,7/5/2019,Sfu,11.5,9.5,3.525,22.08,1.92,3382,NA,NA,,,2,M,80605,1600,687,0,17,4730.3,40.4,Fish corral,2.822,
35,Panay,Aklan,Kalibo,,7/5/2019,Sfu,11.6,9.6,3.63,23.84,2.055172414,3383,0.036,0.151006711,,,2,M,80605,1600,687,0,17,4730.3,40.4,Fish corral,2.822,
38,Panay,Aklan,Kalibo,,7/5/2019,Sfu,11.4,9.5,3.325,19.05,1.671052632,3383,0.048,0.251968504,,,2,F,80605,1600,687,0,17,4730.3,40.4,Fish corral,2.767,
39,Panay,Aklan,Kalibo,,7/5/2019,Sfu,14,11.6,4.42,40.43,2.887857143,3389,NA,NA,,,2,M,80605,1600,687,0,17,4730.3,40.4,Fish corral,2.822,
40,Panay,Aklan,Kalibo,,7/5/2019,Sfu,13.8,11.2,4.425,40.02,2.9,3390,0.058,0.144927536,,,2,F,80605,1600,687,0,17,4730.3,40.4,Fish corral,2.767,
42,Panay,Aklan,Kalibo,,7/5/2019,Sfu,10.9,9.1,3.415,19.06,1.748623853,3393,0.015,0.078698846,,,2,M,80605,1600,687,0,17,4730.3,40.4,Fish corral,2.822,
44,Panay,Aklan,Kalibo,,7/5/2019,Sfu,15.1,12.6,4.675,49.64,3.287417219,3395,0.013,0.026188558,,,2,M,80605,1600,687,0,17,4730.3,40.4,Fish corral,2.822,
45,Panay,Aklan,Kalibo,,7/5/2019,Sfu,14.6,12.2,4.525,46.85,3.20890411,3396,0.043,0.091782284,,,2.5,F,80605,1600,687,0,17,4730.3,40.4,Fish corral,2.767,
46,Panay,Aklan,Kalibo,,7/5/2019,Sfu,14,11.5,4.35,39.4,2.814285714,3397,NA,NA,,,2.5,M,80605,1600,687,0,17,4730.3,40.4,Fish corral,2.822,
49,Panay,Aklan,Kalibo,,7/5/2019,Sfu,14.9,12.1,4.475,46.06,3.091275168,3400,0.043,0.093356492,,,2,F,80605,1600,687,0,17,4730.3,40.4,Fish corral,2.767,
50,Panay,Aklan,Kalibo,,7/5/2019,Sfu,14.6,12.1,4.58,45.71,3.130821918,3401,0.034,0.074381973,,,2,F,80605,1600,687,0,17,4730.3,40.4,Fish corral,2.767,
52,Panay,Aklan,Kalibo,,7/5/2019,Sfu,15.5,12.8,5.11,61.65,3.977419355,3403,0.069,0.111922141,,,2,F,80605,1600,687,0,17,4730.3,40.4,,2.767,
66,Panay,Aklan,Kalibo,,7/5/2019,Sfu,13.8,11.4,4.08,36.83,2.66884058,3419,NA,NA,,,2,F,80605,1600,687,0,17,4730.3,40.4,,2.767,
67,Panay,Aklan,Kalibo,,7/5/2019,Sfu,12.2,10.2,3.83,26.2,2.147540984,3420,NA,NA,,,2,M,80605,1600,687,0,17,4730.3,40.4,,2.822,
68,Panay,Aklan,Kalibo,,7/5/2019,Sfu,13.5,11.1,4.14,35.27,2.612592593,3423,NA,NA,,,2,M,80605,1600,687,0,17,4730.3,40.4,,2.822,
69,Panay,Aklan,Kalibo,,7/5/2019,Sfu,15.2,12.4,4.705,49.34,3.246052632,3424,NA,NA,,,2,F,80605,1600,687,0,17,4730.3,40.4,,2.767,
71,Panay,Aklan,Kalibo,,7/5/2019,Sfu,13.8,11.4,3.94,33.95,2.460144928,3427,NA,NA,,,2,M,80605,1600,687,0,17,4730.3,40.4,,2.822,
72,Panay,Aklan,Kalibo,,7/5/2019,Sfu,12,9.9,3.435,23.38,1.948333333,3428,NA,NA,,,2,F,80605,1600,687,0,17,4730.3,40.4,,2.767,
75,Panay,Aklan,Kalibo,,7/5/2019,Sfu,14.3,11.6,4,40.68,2.844755245,3432,NA,NA,,,2,F,80605,1600,687,0,17,4730.3,40.4,,2.767,
76,Panay,Aklan,Kalibo,,7/5/2019,Sfu,12.8,10.5,4.085,31.29,2.44453125,3433,NA,NA,,,2,F,80605,1600,687,0,17,4730.3,40.4,,2.767,
77,Panay,Aklan,Kalibo,,7/5/2019,Sfu,14.2,11.8,4.415,42.03,2.959859155,3434,NA,NA,,,2,M,80605,1600,687,0,17,4730.3,40.4,,2.822,
78,Panay,Aklan,Kalibo,,7/5/2019,Sfu,12.4,10.1,3.835,25.38,2.046774194,3435,NA,NA,,,2,F,80605,1600,687,0,17,4730.3,40.4,,2.767,
80,Panay,Aklan,Kalibo,,7/5/2019,Sfu,12.7,10.3,3.9,28.95,2.279527559,3438,NA,NA,,,2,F,80605,1600,687,0,17,4730.3,40.4,,2.767,
81,Panay,Aklan,Kalibo,,7/5/2019,Sfu,13.8,11.1,3.005,35.19,2.55,3439,NA,NA,,,2,F,80605,1600,687,0,17,4730.3,40.4,,2.767,
82,Panay,Aklan,Kalibo,,7/5/2019,Sfu,10.5,8.5,3.12,15.03,1.431428571,3440,NA,NA,,,2,M,80605,1600,687,0,17,4730.3,40.4,,2.822,
83,Panay,Aklan,Kalibo,,7/5/2019,Sfu,13.7,11.1,4.12,35.89,2.619708029,3441,NA,NA,,,2,F,80605,1600,687,0,17,4730.3,40.4,,2.767,
84,Panay,Aklan,Kalibo,,7/5/2019,Sfu,11.8,9.6,4.14,26.87,2.277118644,3442,NA,NA,,,2,F,80605,1600,687,0,17,4730.3,40.4,,2.767,
85,Panay,Aklan,Kalibo,,7/5/2019,Sfu,13.2,10.9,4.37,38.75,2.935606061,3443,NA,NA,,,2,M,80605,1600,687,0,17,4730.3,40.4,,2.822,
86,Panay,Aklan,Kalibo,,7/5/2019,Sfu,12.5,10.4,4.065,29.63,2.3704,3444,NA,NA,,,2,F,80605,1600,687,0,17,4730.3,40.4,,2.767,
87,Panay,Aklan,Kalibo,,7/5/2019,Sfu,12.4,10.2,3.685,24.85,2.004032258,3445,NA,NA,,,2,M,80605,1600,687,0,17,4730.3,40.4,,2.822,
88,Panay,Aklan,Kalibo,,7/5/2019,Sfu,13.7,11.2,4.245,36.67,2.676642336,3446,NA,NA,,,2,F,80605,1600,687,0,17,4730.3,40.4,,2.767,
89,Panay,Aklan,Kalibo,,7/5/2019,Sfu,13.1,10.7,3.88,29.55,2.255725191,3447,NA,NA,,,2,F,80605,1600,687,0,17,4730.3,40.4,,2.767,
90,Panay,Aklan,Kalibo,,7/5/2019,Sfu,12.5,10.2,4.11,30.4,2.432,3448,NA,NA,,,2,M,80605,1600,687,0,17,4730.3,40.4,,2.822,
91,Panay,Aklan,Kalibo,,7/5/2019,Sfu,11.5,9.4,3.355,20.57,1.788695652,3449,NA,NA,,,2,F,80605,1600,687,0,17,4730.3,40.4,,2.767,
92,Panay,Aklan,Kalibo,,7/5/2019,Sfu,11.8,9.6,3.525,23.18,1.96440678,3450,NA,NA,,,2,M,80605,1600,687,0,17,4730.3,40.4,,2.822,
93,Panay,Aklan,Kalibo,,7/5/2019,Sfu,11.5,9.3,3.5,21.56,1.874782609,3451,NA,NA,,,2,F,80605,1600,687,0,17,4730.3,40.4,,2.767,
94,Panay,Aklan,Kalibo,,7/5/2019,Sfu,14,11.5,4.385,41.13,2.937857143,3452,NA,NA,,,2,F,80605,1600,687,0,17,4730.3,40.4,,2.767,
1,Negros,Negros Occidental,Sipalay,Dumaguete Public Market,7/16/2019,Sfu,16.1,13.3,4.41,50.61,3.143478261,3632,0.547,1.080814068,3642,,,M,70070,185,1275,165.5,57.2,1224.1,22.3,,1.796,All were caught by spear
2,Negros,Negros Occidental,Sipalay,Dumaguete Public Market,7/16/2019,Sfu,16.5,13.4,4.9,56.69,3.435757576,3633,0.35,0.617392838,3643,,,M,70070,185,1275,165.5,57.2,1224.1,22.3,,1.796,
4,Negros,Negros Occidental,Sipalay,Dumaguete Public Market,7/16/2019,Sfu,16.6,13.6,4.68,58.55,3.527108434,3635,0.677,1.156276687,3645,,,F,70070,185,1275,165.5,57.2,1224.1,22.3,,2.606,
5,Negros,Negros Occidental,Sipalay,Dumaguete Public Market,7/16/2019,Sfu,15.5,12.7,4.42,49.38,3.185806452,3636,1.253,2.537464561,3647,,,M,70070,185,1275,165.5,57.2,1224.1,22.3,,1.796,
6,Negros,Negros Occidental,Sipalay,Dumaguete Public Market,7/16/2019,Sfu,15,11.9,4.565,46.59,3.106,3637,0.171,0.367031552,3648,,,M,70070,185,1275,165.5,57.2,1224.1,22.3,,1.796,
7,Negros,Negros Occidental,Sipalay,Dumaguete Public Market,7/16/2019,Sfu,17.4,13.9,4.68,66.89,3.844252874,3638,0.698,1.043504261,3649,,,F,70070,185,1275,165.5,57.2,1224.1,22.3,,2.606,
8,Negros,Negros Occidental,Sipalay,Dumaguete Public Market,7/16/2019,Sfu,15.4,12.9,4.69,54.27,3.524025974,3639,0.126,0.232172471,3650,,,M,70070,185,1275,165.5,57.2,1224.1,22.3,,1.796,
9,Negros,Negros Occidental,Sipalay,Dumaguete Public Market,7/16/2019,Sfu,15.4,12.6,5.03,57.06,3.705194805,3640,1.131,1.98212408,3651,,,M,70070,185,1275,165.5,57.2,1224.1,22.3,,1.796,
10,Negros,Negros Occidental,Sipalay,Dumaguete Public Market,7/16/2019,Sfu,16.7,13.5,4.95,56.77,3.399401198,3641,0.633,1.115025542,3652,,,M,70070,185,1275,165.5,57.2,1224.1,22.3,,1.796,
11,Negros,Negros Occidental,Sipalay,,7/25/2019,,15.6,12.9,4.5,47.87,3.068589744,3770,NA,NA,3800,,,M,70070,185,1275,165.5,57.2,1224.1,22.3,spear,1.796,
12,Negros,Negros Occidental,Sipalay,,7/25/2019,,16.9,14.1,4.05,59.51,3.521301775,3771,0.236,0.396572005,,,2.5,F,70070,185,1275,165.5,57.2,1224.1,22.3,spear,2.606,
13,Negros,Negros Occidental,Sipalay,,7/25/2019,,16.3,13.2,4.575,53.91,3.307361963,3772,0.592,1.098126507,,,,F,70070,185,1275,165.5,57.2,1224.1,22.3,spear,2.606,
14,Negros,Negros Occidental,Sipalay,,7/25/2019,,16.4,13.7,4.725,53.59,3.267682927,3773,0.139,0.259376749,,,2.5,F,70070,185,1275,165.5,57.2,1224.1,22.3,spear,2.606,
15,Negros,Negros Occidental,Sipalay,,7/25/2019,,16.7,13.7,4.475,53.16,3.183233533,3774,0.344,0.647103085,,,2.5,F,70070,185,1275,165.5,57.2,1224.1,22.3,spear,2.606,
16,Negros,Negros Occidental,Sipalay,,7/25/2019,,17.2,14.2,5,70.99,4.127325581,3775,1.309,1.843921679,,,3,F,70070,185,1275,165.5,57.2,1224.1,22.3,spear,2.606,
17,Negros,Negros Occidental,Sipalay,,7/25/2019,,16.9,14,4.86,59.76,3.536094675,3776,NA,NA,,,,M,70070,185,1275,165.5,57.2,1224.1,22.3,spear,1.796,
18,Negros,Negros Occidental,Sipalay,,7/25/2019,,17.2,14.2,4.915,60.5,3.51744186,3777,NA,NA,,,2.5,M,70070,185,1275,165.5,57.2,1224.1,22.3,spear,1.796,
19,Negros,Negros Occidental,Sipalay,,7/25/2019,,15.9,13.1,4.815,53.45,3.36163522,3778,NA,NA,,,,M,70070,185,1275,165.5,57.2,1224.1,22.3,spear,1.796,
20,Negros,Negros Occidental,Sipalay,,7/25/2019,,16.9,13.9,4.88,54.98,3.253254438,3779,NA,NA,,,,M,70070,185,1275,165.5,57.2,1224.1,22.3,spear,1.796,
21,Negros,Negros Occidental,Sipalay,,7/25/2019,,15.3,12.5,4.53,42.87,2.801960784,3780,0.27,0.629811057,,,2.5,F,70070,185,1275,165.5,57.2,1224.1,22.3,spear,2.606,
22,Negros,Negros Occidental,Sipalay,,7/25/2019,,16.1,12.9,4.82,54.56,3.388819876,3782,NA,NA,,,,M,70070,185,1275,165.5,57.2,1224.1,22.3,spear,1.796,
23,Negros,Negros Occidental,Sipalay,,7/25/2019,,15.5,12.7,4.685,54.19,3.496129032,3783,1.661,3.06514117,,,3,F,70070,185,1275,165.5,57.2,1224.1,22.3,spear,2.606,
24,Negros,Negros Occidental,Sipalay,,7/25/2019,,13.8,11.7,4.22,36.86,2.671014493,3784,NA,NA,,,,M,70070,185,1275,165.5,57.2,1224.1,22.3,spear,1.796,
25,Negros,Negros Occidental,Sipalay,,7/25/2019,,16.1,13.3,5.08,58.5,3.633540373,3785,2.34,4,,,4,F,70070,185,1275,165.5,57.2,1224.1,22.3,spear,2.606,
26,Negros,Negros Occidental,Sipalay,,7/25/2019,,17.2,14.3,5.435,73.57,4.277325581,3786,0.296,0.402337909,,,2,F,70070,185,1275,165.5,57.2,1224.1,22.3,spear,2.606,
27,Negros,Negros Occidental,Sipalay,,7/25/2019,,15.5,12.7,4.64,50.41,3.252258065,3787,NA,NA,,,,M,70070,185,1275,165.5,57.2,1224.1,22.3,spear,1.796,
28,Negros,Negros Occidental,Sipalay,,7/25/2019,,15.8,13.1,4.88,56.45,3.57278481,3788,0.596,1.055801594,,,2.5,F,70070,185,1275,165.5,57.2,1224.1,22.3,spear,2.606,
29,Negros,Negros Occidental,Sipalay,,7/25/2019,,16.3,13.4,4.86,62.65,3.843558282,3789,1.493,2.383080607,,,4,F,70070,185,1275,165.5,57.2,1224.1,22.3,spear,2.606,
30,Negros,Negros Occidental,Sipalay,,7/25/2019,,15.8,13,4.87,51.94,3.287341772,3790,NA,NA,,,,M,70070,185,1275,165.5,57.2,1224.1,22.3,spear,1.796,
31,Negros,Negros Occidental,Sipalay,,7/25/2019,,15.4,12.8,4.7,50.44,3.275324675,3791,MA,NA,,,2.5,M,70070,185,1275,165.5,57.2,1224.1,22.3,spear,1.796,
32,Negros,Negros Occidental,Sipalay,,7/25/2019,,15,12.2,4.355,45.24,3.016,3792,1.86,4.111405836,,,4,F,70070,185,1275,165.5,57.2,1224.1,22.3,spear,2.606,
33,Negros,Negros Occidental,Sipalay,,7/25/2019,,15.8,13.2,4.68,50.78,3.213924051,3793,NA,NA,,,,M,70070,185,1275,165.5,57.2,1224.1,22.3,spear,1.796,
34,Negros,Negros Occidental,Sipalay,,7/25/2019,,15.7,12.8,4.915,54.58,3.476433121,3794,0.996,1.824844265,,,3,F,70070,185,1275,165.5,57.2,1224.1,22.3,spear,2.606,
35,Negros,Negros Occidental,Sipalay,,7/25/2019,,16.4,13.1,4.955,48.28,2.943902439,3795,NA,NA,,,,M,70070,185,1275,165.5,57.2,1224.1,22.3,spear,1.796,
36,Negros,Negros Occidental,Sipalay,,7/25/2019,,15.7,12.9,4.85,54.85,3.493630573,3796,1.041,1.897903373,,,,F,70070,185,1275,165.5,57.2,1224.1,22.3,spear,2.606,
37,Negros,Negros Occidental,Sipalay,,7/25/2019,,17.9,14.3,5.345,71.85,4.01396648,3797,1.486,2.068197634,,,4,F,70070,185,1275,165.5,57.2,1224.1,22.3,spear,2.606,
38,Negros,Negros Occidental,Sipalay,,7/25/2019,,15.9,12.8,4.67,46.88,2.948427673,3798,NA,NA,,,2,M,70070,185,1275,165.5,57.2,1224.1,22.3,spear,1.796,
39,Negros,Negros Occidental,Sipalay,,7/25/2019,,15.7,12.7,5.15,52.74,3.359235669,3799,NA,NA,,,2,M,70070,185,1275,165.5,57.2,1224.1,22.3,spear,1.796,
1,Negros,Negros Oriental,Ayungon,Ayungon Public Market,7/19/2019,Sfu,16.7,14.1,5.135,71.4,4.275449102,3669,0.594,0.831932773,3698,,2.5,F,46303,174,1023,83.1,15.5,2979.6,65.8,,2.816,
2,Negros,Negros Oriental,Ayungon,Ayungon Public Market,7/19/2019,Sfu,10.6,6.2,3.1,16.16,1.524528302,3670,NA,NA,,,2.5,M,46303,174,1023,83.1,15.5,2979.6,65.8,,2.728,
3,Negros,Negros Oriental,Ayungon,Ayungon Public Market,7/19/2019,Sfu,19.6,16.6,5.77,98.66,5.033673469,3671,1.042,1.056152443,3699,,2.5,F,46303,174,1023,83.1,15.5,2979.6,65.8,,2.816,
4,Negros,Negros Oriental,Ayungon,Ayungon Public Market,7/19/2019,Sfu,12.2,10.2,3.655,27.5,2.254098361,3672,NA,NA,,,2,M,46303,174,1023,83.1,15.5,2979.6,65.8,,2.728,
5,Negros,Negros Oriental,Ayungon,Ayungon Public Market,7/19/2019,Sfu,13.7,11.6,4.165,36.16,2.639416058,3673,0.128,0.353982301,3700,,2.5,F,46303,174,1023,83.1,15.5,2979.6,65.8,,2.816,
6,Negros,Negros Oriental,Ayungon,Ayungon Public Market,7/19/2019,Sfu,11.8,9.9,3.36,22.59,1.91440678,3674,NA,NA,,,,M,46303,174,1023,83.1,15.5,2979.6,65.8,,2.728,
7,Negros,Negros Oriental,Ayungon,Ayungon Public Market,7/19/2019,Sfu,16.5,13.9,4.67,60.06,3.64,3675,0.847,1.41025641,3701,,5,F,46303,174,1023,83.1,15.5,2979.6,65.8,,2.816,
8,Negros,Negros Oriental,Ayungon,Ayungon Public Market,7/19/2019,Sfu,16,13.2,5.085,53.71,3.356875,3676,NA,NA,,,2.5,M,46303,174,1023,83.1,15.5,2979.6,65.8,,2.728,
9,Negros,Negros Oriental,Ayungon,Ayungon Public Market,7/19/2019,Sfu,18.9,15.8,5.5,92.13,4.874603175,3677,1.122,1.21784435,3702,,3,F,46303,174,1023,83.1,15.5,2979.6,65.8,,2.816,
10,Negros,Negros Oriental,Ayungon,Ayungon Public Market,7/19/2019,Sfu,12,10,3.45,22.23,1.8525,3678,NA,NA,,,2.5,M,46303,174,1023,83.1,15.5,2979.6,65.8,,2.728,
11,Negros,Negros Oriental,Ayungon,Ayungon Public Market,7/19/2019,Sfu,13.2,11.1,3.605,29.59,2.241666667,3679,NA,NA,,,2,M,46303,174,1023,83.1,15.5,2979.6,65.8,,2.728,
12,Negros,Negros Oriental,Ayungon,Ayungon Public Market,7/19/2019,Sfu,10.8,9.1,3.185,17.71,1.639814815,3680,NA,NA,,,2,M,46303,174,1023,83.1,15.5,2979.6,65.8,,2.728,
14,Negros,Negros Oriental,Ayungon,Ayungon Public Market,7/19/2019,Sfu,11.5,9.7,3.45,22.62,1.966956522,3682,NA,NA,,,2,M,46303,174,1023,83.1,15.5,2979.6,65.8,,2.728,
15,Negros,Negros Oriental,Ayungon,Ayungon Public Market,7/19/2019,Sfu,12.4,10.7,3.555,26.41,2.12983871,3683,NA,NA,,,2.5,M,46303,174,1023,83.1,15.5,2979.6,65.8,,2.728,
16,Negros,Negros Oriental,Ayungon,Ayungon Public Market,7/19/2019,Sfu,18.6,15.3,5.18,75.94,4.082795699,3684,0.809,1.065314722,3703,,3,F,46303,174,1023,83.1,15.5,2979.6,65.8,,2.816,
17,Negros,Negros Oriental,Ayungon,Ayungon Public Market,7/19/2019,Sfu,14.2,11.6,4.16,37.65,2.651408451,3685,0.163,0.432934927,3704,,2,F,46303,174,1023,83.1,15.5,2979.6,65.8,,2.816,
18,Negros,Negros Oriental,Ayungon,Ayungon Public Market,7/19/2019,Sfu,12.9,10.8,3.86,30.82,2.389147287,3686,NA,NA,,,2.5,M,46303,174,1023,83.1,15.5,2979.6,65.8,,2.728,
19,Negros,Negros Oriental,Ayungon,Ayungon Public Market,7/19/2019,Sfu,13.3,11.3,3.93,32.46,2.440601504,3687,0.131,0.403573629,3705,,2,F,46303,174,1023,83.1,15.5,2979.6,65.8,,2.816,
21,Negros,Negros Oriental,Ayungon,Ayungon Public Market,7/19/2019,Sfu,11.3,9.3,3.345,19.58,1.732743363,3689,NA,NA,,,2,M,46303,174,1023,83.1,15.5,2979.6,65.8,,2.728,
22,Negros,Negros Oriental,Ayungon,Ayungon Public Market,7/19/2019,Sfu,16.4,13.9,4.915,62.24,3.795121951,3690,NA,NA,,,4,M,46303,174,1023,83.1,15.5,2979.6,65.8,,2.728,
23,Negros,Negros Oriental,Ayungon,Ayungon Public Market,7/19/2019,Sfu,14.5,12.1,4.265,40.87,2.81862069,3691,0.21,0.513824321,3706,,2,F,46303,174,1023,83.1,15.5,2979.6,65.8,,2.816,
24,Negros,Negros Oriental,Ayungon,Ayungon Public Market,7/19/2019,Sfu,12.4,10.4,3.81,28.26,2.279032258,3692,0.174,0.615711253,3707,,2,F,46303,174,1023,83.1,15.5,2979.6,65.8,,2.816,
26,Negros,Negros Oriental,Ayungon,Ayungon Public Market,7/19/2019,Sfu,11,9.2,3.375,21.27,1.933636364,3694,0.079,0.371415139,3708,,2,F,46303,174,1023,83.1,15.5,2979.6,65.8,,2.816,
27,Negros,Negros Oriental,Ayungon,Ayungon Public Market,7/19/2019,Sfu,11.3,9.3,3.27,20.28,1.794690265,3695,NA,NA,,,3,M,46303,174,1023,83.1,15.5,2979.6,65.8,,2.728,
28,Negros,Negros Oriental,Ayungon,Ayungon Public Market,7/19/2019,Sfu,12,10,3.5,23.19,1.9325,3696,NA,NA,,,2.5,M,46303,174,1023,83.1,15.5,2979.6,65.8,,2.728,
29,Negros,Negros Oriental,Ayungon,Ayungon Public Market,7/19/2019,Sfu,11.5,9.6,3.36,21.65,1.882608696,3697,NA,NA,,,2,M,46303,174,1023,83.1,15.5,2979.6,65.8,,2.728,
30,Negros,Negros Oriental,Ayungon,Ayungon Public Market,7/19/2019,Sfu,12.6,10.6,3.87,30.33,2.407142857,3709,NA,NA,3740,,,M,46303,174,1023,83.1,15.5,2979.6,65.8,,2.728,
31,Negros,Negros Oriental,Ayungon,Ayungon Public Market,7/19/2019,Sfu,10.8,9.1,3.13,17.74,1.642592593,3710,NA,NA,3741,,,M,46303,174,1023,83.1,15.5,2979.6,65.8,,2.728,
32,Negros,Negros Oriental,Ayungon,Ayungon Public Market,7/19/2019,Sfu,13.1,10.9,3.685,29.28,2.235114504,3711,NA,NA,3742,,,M,46303,174,1023,83.1,15.5,2979.6,65.8,,2.728,
33,Negros,Negros Oriental,Ayungon,Ayungon Public Market,7/19/2019,Sfu,13.4,11.3,3.935,33.63,2.509701493,3712,NA,NA,3743,,,M,46303,174,1023,83.1,15.5,2979.6,65.8,,2.728,
37,Negros,Negros Oriental,Ayungon,Ayungon Public Market,7/19/2019,Sfu,15.2,12.5,4.41,45.7,3.006578947,3716,0.151,0.330415755,3747,,,F,46303,174,1023,83.1,15.5,2979.6,65.8,,2.816,
38,Negros,Negros Oriental,Ayungon,Ayungon Public Market,7/19/2019,Sfu,14.9,12.4,4.035,41.5,2.785234899,3717,0.0061,0.014698795,3748,,,F,46303,174,1023,83.1,15.5,2979.6,65.8,,2.816,
39,Negros,Negros Oriental,Ayungon,Ayungon Public Market,7/19/2019,Sfu,13.1,10.7,3.715,27.74,2.117557252,3718,NA,NA,3749,,,M,46303,174,1023,83.1,15.5,2979.6,65.8,,2.728,
40,Negros,Negros Oriental,Ayungon,Ayungon Public Market,7/19/2019,Sfu,13.5,11,3.8,31.48,2.331851852,3719,NA,NA,3750,,,M,46303,174,1023,83.1,15.5,2979.6,65.8,,2.728,
41,Negros,Negros Oriental,Ayungon,Ayungon Public Market,7/19/2019,Sfu,13.5,11.4,3.97,32.3,2.392592593,3720,NA,NA,3751,,,M,46303,174,1023,83.1,15.5,2979.6,65.8,,2.728,
44,Negros,Negros Oriental,Ayungon,Ayungon Public Market,7/19/2019,Sfu,14.4,11.6,4.2,34.88,2.422222222,3723,0.137,0.392775229,3754,,,F,46303,174,1023,83.1,15.5,2979.6,65.8,,2.816,
45,Negros,Negros Oriental,Ayungon,Ayungon Public Market,7/19/2019,Sfu,13.2,11.2,3.95,31.2,2.363636364,3724,0.038,0.121794872,3755,,,F,46303,174,1023,83.1,15.5,2979.6,65.8,,2.816,
48,Negros,Negros Oriental,Ayungon,Ayungon Public Market,7/19/2019,Sfu,17.3,14.3,4.855,62.68,3.623121387,3727,NA,NA,3758,,,M,46303,174,1023,83.1,15.5,2979.6,65.8,,2.728,
49,Negros,Negros Oriental,Ayungon,Ayungon Public Market,7/19/2019,Sfu,18,14.9,5.305,78.42,4.356666667,3728,0.562,0.716653915,3759,,,F,46303,174,1023,83.1,15.5,2979.6,65.8,,2.816,
50,Negros,Negros Oriental,Ayungon,Ayungon Public Market,7/19/2019,Sfu,16.8,13.7,4.47,54.87,3.266071429,3729,NA,NA,3760,,,M,46303,174,1023,83.1,15.5,2979.6,65.8,,2.728,
52,Negros,Negros Oriental,Ayungon,Ayungon Public Market,7/19/2019,Sfu,11.8,9.7,3.41,22.49,1.905932203,3731,NA,NA,3762,,,M,46303,174,1023,83.1,15.5,2979.6,65.8,,2.728,
53,Negros,Negros Oriental,Ayungon,Ayungon Public Market,7/19/2019,Sfu,15.7,13.1,4.7,53.31,3.395541401,3732,0.106,0.198836991,3763,,,F,46303,174,1023,83.1,15.5,2979.6,65.8,,2.816,
55,Negros,Negros Oriental,Ayungon,Ayungon Public Market,7/19/2019,Sfu,19.1,15.8,5.67,96.31,5.042408377,3734,0.971,1.008202679,3745,,,F,46303,174,1023,83.1,15.5,2979.6,65.8,,2.816,
57,Negros,Negros Oriental,Ayungon,Ayungon Public Market,7/19/2019,Sfu,16.1,13.6,3.88,59.6,3.701863354,3736,NA,NA,3746,,,F,46303,174,1023,83.1,15.5,2979.6,65.8,,2.816,
58,Negros,Negros Oriental,Ayungon,Ayungon Public Market,7/19/2019,Sfu,15.5,12.5,4.5,50.73,3.272903226,3737,NA,NA,3747,,,F,46303,174,1023,83.1,15.5,2979.6,65.8,,2.816,
59,Negros,Negros Oriental,Ayungon,Ayungon Public Market,7/19/2019,Sfu,16,13,4.4,51.22,3.20125,3738,NA,NA,3748,,,M,46303,174,1023,83.1,15.5,2979.6,65.8,,2.728,
